Album,Artist,Song,Year
1980 The Music,Air Supply,All Out Of Love,80
1980 The Music,Australian Crawl,The Boys Light Up,80
1980 The Music,Bette Midler,The Rose,80
1980 The Music,Christopher Cross,Ride Like The Wind,80
1980 The Music,Cold Chisel,Cheap Wine,80
1980 The Music,Darryl Cotton,Same Old Girl,80
1980 The Music,Dexys Midnight Runners,Geno,80
1980 The Music,Fern Kinney,Together We Are Beautiful,80
1980 The Music,Gary Numan,We Are Glass,80
1980 The Music,Kim Hart,Love At First Night,80
1980 The Music,Linda Ronstadt,How Do I Make You,80
1980 The Music,Long John Baldry,You've Lost That Lovin' Feelin',80
1980 The Music,Queen,Crazy Little Thing Called Love,80
1980 The Music,Rocky Burnette,Tired Of Toein' The Line,80
1980 The Music,Spinners,Working My Way Back To You,80
1980 The Music,The Motels,Total Control,80
1980 The Music,The Pretenders,Brass In Pocket,80
1980 The Music,The Vapors,Turning Japanese,80
1980 The Summer,AC/DC,You Shook Me All Night Long,80
1980 The Summer,Australian Crawl,Downhearted,80
1980 The Summer,Cliff Richard,Dreamin',80
1980 The Summer,Diana Ross,Upside Down,80
1980 The Summer,Fischer-Z,So Long,80
1980 The Summer,Flowers,Can't Help Myself,80
1980 The Summer,James Freud,Modern Girl,80
1980 The Summer,Jermaine Jackson,Let's Get Serious,80
1980 The Summer,John Farnham,Help,80
1980 The Summer,Kate Bush,Babooshka,80
1980 The Summer,Kim Carnes,More Love,80
1980 The Summer,Leo Sayer,More Than I Can Say,80
1980 The Summer,Martha & The Muffins,Echo Beach,80
1980 The Summer,Pat Benatar,We Live For Love,80
1980 The Summer,Rocky Burnette,Fallin' In Love,80
1980 The Summer,The Korgis,Everybody's Got To Learn Sometime,80
1980 The Summer,The Monitors,Singing In The 80's,80
1980 The Summer,The Motels,Whose Problem?,80
Red Alert,Con Funk Shun,Spirit Of Love,80
Red Alert,Elton John,Are You Ready For Love,80
Red Alert,Festival,Don't Cry For Me Argentina,80
Red Alert,France Joli,Come To Me,80
Red Alert,Genghis Khan,Moscow,80
Red Alert,Gloria Gaynor,Never Can Say Goodbye,80
Red Alert,Isaac Hayes,Don't Let Go,80
Red Alert,Kiss,I Was Made For Lovin' You,80
Red Alert,Lipps Inc,Funkytown,80
Red Alert,Lipps Inc,Rock It,80
Red Alert,Meco,Empire Strikes Back,80
Red Alert,Silicon Teens,Red River Rock,80
Red Alert,Skatt Bros,Life At The Outpost,80
Red Alert,Skatt Bros,Walk The Night,80
Red Alert,Sugarhill Gang,Rapper's Delight,80
Red Alert,Village People,Ready For The 80's,80
Starcall Presents,Abba,The Winner Takes It All,80
Starcall Presents,Bruce Cockburn,Wondering Where The Lions Are,80
Starcall Presents,Carolyn Mas,Still Sane,80
Starcall Presents,Dugites,In Your Car,80
Starcall Presents,Elton John,Little Jeannie,80
Starcall Presents,Fiddler's Dram,Day Trip To Bangor,80
Starcall Presents,Genghis Khan,Moscow,80
Starcall Presents,Hall & Oates,Portable Radio,80
Starcall Presents,Jon English,Little By Little,80
Starcall Presents,Judi Tzuke,Stay With Me Till Dawn,80
Starcall Presents,Kiss,Shandi,80
Starcall Presents,Ol '55,Two Faces Have I,80
Starcall Presents,Status Quo,Whatever You Want,80
Starcall Presents,The Innocents,Sooner Or Later,80
Starcall Presents,The Numbers,Five Letter Word,80
Starcall Presents,The Reels,After The News,80
Starcall Presents,The Tourists,I Only Want To Be With You,80
Starcall Presents,Viola Wills,Gonna Get Along Without You Now,80
1981 Over The Top,Billy Field,You Weren't In Love With Me,81
1981 Over The Top,Billy Squier,The Stroke,81
1981 Over The Top,Dave Stewart,What Becomes Of The Broken Hearted,81
1981 Over The Top,Devo,Beautiful World,81
1981 Over The Top,Divinyls,Boys In Town,81
1981 Over The Top,Icehouse,Love In Motion,81
1981 Over The Top,Jona Lewie,Louise (We Get It Right),81
1981 Over The Top,Juice Newton,Queen Of Hearts,81
1981 Over The Top,Kim Wilde,Chequered Love,81
1981 Over The Top,Little River Band,The Night Owls,81
1981 Over The Top,Mental As Anything,Too Many Times,81
1981 Over The Top,Mondo Rock,Chemistry,81
1981 Over The Top,Olivia Newton-John,Physical,81
1981 Over The Top,Pat Benatar,Fire And Ice,81
1981 Over The Top,PH.D,I Won't Let You Down,81
1981 Over The Top,Rick Springfield,I've Done Everything For You,81
1981 Over The Top,Stevie Nicks with Tom Petty & The Heartbreakers,Stop Dragging My Heart Around,81
1981 Over The Top,Swanee,If I Were A Carpenter,81
1981 Rocks On,Air Supply,The One That You Love,81
1981 Rocks On,Australian Crawl,Things Don't Seem,81
1981 Rocks On,Duran Duran,Planet Earth,81
1981 Rocks On,Gary U.S. Bonds,This Little Girl,81
1981 Rocks On,Jimmy And The Boys,They Won't Let My Girlfriend Talk To Me,81
1981 Rocks On,Kim Carnes,Bette Davis Eyes,81
1981 Rocks On,Kim Wilde,Kids In America,81
1981 Rocks On,Mental As Anything,If You Leave Me Can I Come Too,81
1981 Rocks On,Mondo Rock,Cool World,81
1981 Rocks On,Renee Geyer,Say I Love You,81
1981 Rocks On,Rick Springfield,Jessie's Girl,81
1981 Rocks On,Rupert Hine,Misplaced Love,81
1981 Rocks On,Sheena Easton,Modern Girl,81
1981 Rocks On,Spandau Ballet,To Cut A Long Story Short,81
1981 Rocks On,Split Enz,I Don't Wanna Dance,81
1981 Rocks On,Stray Cats,Rock This Town,81
1981 Rocks On,The Church,The Unguarded Moment,81
1981 Rocks On,Ultravox,Vienna,81
1981 The Sound,AC/DC,Rock And Roll Ain't Noise Pollution,81
1981 The Sound,Adam And The Ants,Young Parisians,81
1981 The Sound,Air Supply,Every Woman In The World,81
1981 The Sound,Cheetah,Spend The Night,81
1981 The Sound,Dire Straits,Tunnel Of Love,81
1981 The Sound,Dr. Hook,Girls Can Get It,81
1981 The Sound,Flowers,Walls,81
1981 The Sound,Ian Dury And The Blockheads,I Want To Be Straight,81
1981 The Sound,John Farnham,Too Much Too Soon,81
1981 The Sound,Jona Lewie,Stop The Cavalry,81
1981 The Sound,Juice Newton,Angel Of The Morning,81
1981 The Sound,Little River Band,Long Jumping Jeweller,81
1981 The Sound,Madness,Baggy Trousers,81
1981 The Sound,Robert Palmer,Looking For Clues,81
1981 The Sound,Sheena Easton,9 To 5,81
1981 The Sound,Split Enz,One Step Ahead,81
1981 The Sound,The Boomtown Rats,Banana Republic,81
1981 The Sound,The Swingers,Counting The Beat,81
Hitwave 81,Adam And The Ants,Ant Music,81
Hitwave 81,Dr. Hook,The Wild Colonial Boy,81
Hitwave 81,Elton John,Nobody Wins,81
Hitwave 81,Kool & The Gang,Celebration,81
Hitwave 81,Loverboy,Turn Me Loose,81
Hitwave 81,Men At Work,Who Can It Be Now?,81
Hitwave 81,Mi-Sex,Falling In And Out,81
Hitwave 81,REO Speedwagon,Keep On Loving You,81
Hitwave 81,Roxy Music,Jealous Guy,81
Hitwave 81,Shakin Stevens,This Ole House,81
Hitwave 81,Split Enz,History Never Repeats,81
Hitwave 81,Stars On 45,Stars On 45,81
Hitwave 81,The Angels,Into The Heat,81
Hitwave 81,The Nolans,Gotta Pull Myself Together,81
Hitwave 81,The Quick,Hip Shake Jerk!,81
Hitwave 81,The Reels,Shout And Deliver,81
Hitwave 81,The Sports,How Come,81
Hitwave 81,Visage,Fade To Grey,81
In the Bag,Abba,Supertrooper,81
In the Bag,Adam And The Ants,Lady,81
In the Bag,Bette Midler,My Mothers Eyes,81
In the Bag,Bucks Fizz,Making Your Mind Up,81
In the Bag,Devo,Whip It,81
In the Bag,Donna Fisk,Bring Me No More Roses,81
In the Bag,Gibson Brothers,Que Sera Mi Vida,81
In the Bag,Grace Slick,Dreams,81
In the Bag,Hall & Oates,Kiss On My List,81
In the Bag,Heebeegeebees,Meaningless Song,81
In the Bag,INXS,The Loved One,81
In the Bag,Landscape,Einstein-A-Go-Go,81
In the Bag,Phoebe Snow,Games,81
In the Bag,Radiators,Room Full Of Diamonds,81
In the Bag,Sky,Meheeco,81
In the Bag,The Cure,Primary,81
In the Bag,The Dugites,Waiting,81
In the Bag,Village People,Can't Stop The Music,81
1982 In The Sun,Alvin Stardust,Pretend,82
1982 In The Sun,Australian Crawl,"Oh No, Not You Again",82
1982 In The Sun,Cliff Richard,Wired For Sound,82
1982 In The Sun,Dave Stewart & Barbara Gaskin,It's My Party,82
1982 In The Sun,Duran Duran,Girls On Film,82
1982 In The Sun,ELO,Hold On Tight,82
1982 In The Sun,Get Wet,Just So Lonely,82
1982 In The Sun,Greg Kihn Band,The Breakup Song,82
1982 In The Sun,Keith Marshall,Only Crying,82
1982 In The Sun,Mondo Rock,Summer Of '81,82
1982 In The Sun,Moving Pictures,Bustin' Loose,82
1982 In The Sun,Phil Seymour,Precious To Me,82
1982 In The Sun,Renee Geyer,Do You Know What I Mean,82
1982 In The Sun,Shakin' Stevens,Green Door,82
1982 In The Sun,Simple Minds,Love Song,82
1982 In The Sun,Sunnyboys,Alone With You,82
1982 In The Sun,The Angels,Fashion And Fame,82
1982 In The Sun,The Go Go's,Our Lips Are Sealed,82
1982 Out Of The Blue,Adrian Gurvitz,Classic,82
1982 Out Of The Blue,Australian Crawl,Shut Down,82
1982 Out Of The Blue,Blondie,Island Of Lost Souls,82
1982 Out Of The Blue,Duran Duran,Hungry Like The Wolf,82
1982 Out Of The Blue,Haircut One Hundred,Love Plus One,82
1982 Out Of The Blue,Huey Lewis & The News,Do You Believe In Love,82
1982 Out Of The Blue,Joan Jett & The Blackhearts,I Love Rock & Roll,82
1982 Out Of The Blue,Kim Wilde,View From A Bridge,82
1982 Out Of The Blue,Little Heroes,One Perfect Day,82
1982 Out Of The Blue,Madness,It Must Be Love,82
1982 Out Of The Blue,Ray Parker Jr.,The Other Woman,82
1982 Out Of The Blue,Rick Springfield,Don't Talk To Strangers,82
1982 Out Of The Blue,Rocky Sharpe & The Replays,Shout Shout,82
1982 Out Of The Blue,Split Enz,Six Months In A Leaky Boat,82
1982 Out Of The Blue,The J. Geils Band,Freeze Frame,82
1982 Out Of The Blue,The Members,Radio,82
1982 Out Of The Blue,Yazoo,Only You,82
1982 The Winners,ABC,The Look Of Love,82
1982 The Winners,Cheap Trick,If You Want My Love,82
1982 The Winners,Dexy's Midnight Runners,Come On Eileen,82
1982 The Winners,Doug Parkinson,Better Keep Your Hands Off My (Potential New Girl Friend),82
1982 The Winners,Goanna,Solid Rock,82
1982 The Winners,Goombay Dance Band,Seven Tears,82
1982 The Winners,Icehouse,Great Southern Land,82
1982 The Winners,John Cougar,Jack & Diane,82
1982 The Winners,Mental As Anything,I Didn't Mean To Be Mean,82
1982 The Winners,Mondo Rock,The Queen & Me,82
1982 The Winners,Monsoon,Ever So Lonely,82
1982 The Winners,Roxy Music,Avalon,82
1982 The Winners,Simple Minds,Glittering Prize,82
1982 The Winners,Steve Miller Band,Abracadabra,82
1982 The Winners,Swanee,Lady What's Your Name,82
1982 The Winners,The Quick,The Rhythm Of The Jungle,82
1982 The Winners,Toto,Rosanna,82
1982 The Winners,Trio,Da Da Da I Don't Love You You Don't Love Me Aha Aha Aha,82
1982 Up In Lights,America,You Can Do Magic,82
1982 Up In Lights,Bananarama,Shy Boy,82
1982 Up In Lights,Billy Idol,Hot In The City,82
1982 Up In Lights,Daryl Hall & John Oates,Maneater,82
1982 Up In Lights,Frida,I Know There's Something Going On,82
1982 Up In Lights,Jo Jo Zep,Taxi Mary,82
1982 Up In Lights,Joan Jett & The Blackhearts,Do You Wanna Touch Me (Oh Yeah),82
1982 Up In Lights,Joe Cocker,Sweet Little Women,82
1982 Up In Lights,Joe Jackson,Real Men,82
1982 Up In Lights,Kim Carnes,Voyeur,82
1982 Up In Lights,Little River Band,Down On The Border,82
1982 Up In Lights,Madness,House Of Fun,82
1982 Up In Lights,Melissa Manchester,You Should Hear How She Talks About You,82
1982 Up In Lights,Missing Persons,Words,82
1982 Up In Lights,Moving Pictures,Winners,82
1982 Up In Lights,Olivia Newton-John,Heart Attack,82
1982 Up In Lights,Pointer Sisters,I'm So Excited,82
1982 Up In Lights,Rose Tattoo,We Can't Be Beaten,82
1982 Up In Lights,Rough Trade,All Touch,82
1982 Up In Lights,Yazoo,Don't Go,82
1982... With A Bullet,Barry Manilow,Let's Hang On,82
1982... With A Bullet,Bill Wyman,Come Back Suzanne,82
1982... With A Bullet,Cliff Richard,Daddy's Home,82
1982... With A Bullet,Depeche Mode,Just Can't Get Enough,82
1982... With A Bullet,Diana Ross,Why Do Fools Fall In Love,82
1982... With A Bullet,Duran Duran,My Own Way,82
1982... With A Bullet,Jo Kennedy,Body And Soul,82
1982... With A Bullet,Kim Wilde,Cambodia,82
1982... With A Bullet,Mental As Anything,Berserk Warriors,82
1982... With A Bullet,Moving Pictures,What About Me,82
1982... With A Bullet,Olivia Newton-John,Make A Move On Me,82
1982... With A Bullet,Pete Shelley,Homosapien,82
1982... With A Bullet,Split Enz,Dirty Creature,82
1982... With A Bullet,The Church,Almost With You,82
1982... With A Bullet,The J. Geils Band,Centerfold,82
1982... With A Bullet,The Stranglers,Golden Brown,82
1982... With A Bullet,Tight Fit,The Lion Sleeps Tonight,82
1982... With A Bullet,Toni Basil,Mickey,82
RockTrip 82,ABC,Poison Arrow,82
RockTrip 82,Adam Ant,Goody Two Shoes,82
RockTrip 82,Bertie Higgins,Key Largo,82
RockTrip 82,Charlene,I've Never Been To Me,82
RockTrip 82,Cold Chisel,Forever Now,82
RockTrip 82,Dr. Hook,Baby Makes Her Blue Jeans Talk,82
RockTrip 82,Eurogliders,Without You,82
RockTrip 82,Joey Scarbury,Believe It Or Not,82
RockTrip 82,John Cougar,Hurts So Good,82
RockTrip 82,Men At Work,Be Good Johnny,82
RockTrip 82,Mondo Rock,No Time,82
RockTrip 82,Prince,Controversy,82
RockTrip 82,Roxy Music,More Than This,82
RockTrip 82,Simple Minds,Promised You A Miracle,82
RockTrip 82,Swanee,Temporary Heartache,82
RockTrip 82,The Human League,Don't You Want Me,82
RockTrip 82,The Waitresses,I Know What Boys Like,82
RockTrip 82,Tommy Tutone,867-5309/Jenny,82
1983 Summer Breaks,Air Supply,Making Love Out Of Nothing At All,83
1983 Summer Breaks,Australian Crawl,Reckless (Don't Be So...),83
1983 Summer Breaks,Eurythmics,Who's That Girl?,83
1983 Summer Breaks,F.R. David,Words,83
1983 Summer Breaks,Freeez,I.O.U.,83
1983 Summer Breaks,Graham Parker,Life Gets Better,83
1983 Summer Breaks,JoBoxers,Just Got Lucky,83
1983 Summer Breaks,John Paul Young,Soldier Of Fortune,83
1983 Summer Breaks,Kim Wilde,Love Blonde,83
1983 Summer Breaks,Men Without Hats,The Safety Dance,83
1983 Summer Breaks,Models,I Hear Motion,83
1983 Summer Breaks,Peabo Bryson & Roberta Flack,Tonight I Celebrate My Love,83
1983 Summer Breaks,Stray Cats,(She's) Sexy And 17,83
1983 Summer Breaks,Taco,Puttin' On The Ritz,83
1983 Summer Breaks,The Allniters,Montego Bay,83
1983 Summer Breaks,The Motels,Suddenly Last Summer,83
1983 Summer Breaks,Tim Finn,Made My Day,83
1983 Summer Breaks,Yazoo,Nobody's Diary,83
1983 The Hot Ones,Billy Idol,White Wedding,83
1983 The Hot Ones,Boys Town Gang,Can't Take My Eyes Off You,83
1983 The Hot Ones,Captain Sensible,Wot,83
1983 The Hot Ones,Chas And Dave,Ain't No Pleasing You,83
1983 The Hot Ones,Chris De Burgh,Don't Pay The Ferryman,83
1983 The Hot Ones,Dennis Waterman,I Could Be So Good For You,83
1983 The Hot Ones,Dionne Warwick,Heartbreaker,83
1983 The Hot Ones,Divinyls,Science Fiction,83
1983 The Hot Ones,Grand Master Flash & The Furious Five,The Message,83
1983 The Hot Ones,Joe Cocker And Jennifer Warnes,Up Where We Belong,83
1983 The Hot Ones,Joe Jackson,Steppin' Out,83
1983 The Hot Ones,Kajagoogoo,Too Shy,83
1983 The Hot Ones,Little River Band,The Other Guy,83
1983 The Hot Ones,Madness,Our House,83
1983 The Hot Ones,Monte Video And The Cassettes,Shoop Shoop Diddy Wop Cumma Cumma Wang Dang,83
1983 The Hot Ones,Skyhooks,Hooked On Hooks,83
1983 The Hot Ones,Supertramp,It's Raining Again,83
1983 The Hot Ones,The Belle Stars,The Clapping Song,83
1983 The Hot Ones,Thomas Dolby,She Blinded Me With Science,83
1983 The Hot Ones,Toto Coelo,I Eat Cannibals (Pt. 1),83
Go For It 1983,Blancmange,Living On The Ceiling,83
Go For It 1983,Icehouse,Hey Little Girl,83
Go For It 1983,The Psychedelic Furs,Love My Way,83
Go For It 1983,Culture Club,Do You Really Want To Hurt Me,83
Go For It 1983,Fat Larry's Band,Zoom,83
Go For It 1983,Big Red ,The Traveller,83
Go For It 1983,Kevin Rowland & Dexys Midnight Runners,Jackie Wilson Said (I'm In Heaven When You Smile),83
Go For It 1983,The Angels,Stand Up,83
Go For It 1983,Devo,Peek-A-Boo,83
Go For It 1983,Laura Branigan,Gloria,83
Go For It 1983,Mi-Sex,Down The Line,83
Go For It 1983,Peter Gabriel,Shock The Monkey,83
Go For It 1983,INXS,Don't Change,83
Go For It 1983,The Pretenders,Back On The Chain Gang,83
Go For It 1983,Dire Straits,Twisting By The Pool,83
Go For It 1983,Mental As Anything,Close Again,83
Go For It 1983,Toto,Africa,83
Go For It 1983,Lionel Ritchie,Truly,83
Keep On Dancing,Duran Duran,Is There Something I Should Know?,83
Keep On Dancing,Rick Springfield,Affair Of The Heart,83
Keep On Dancing,Hot Chocolate,What Kinda' Boy You're Lookin' For (Girl),83
Keep On Dancing,Eurythmics,Love Is A Stranger,83
Keep On Dancing,Real Life,Send Me An Angel,83
Keep On Dancing,Kajagoogoo,Ooh To Be Ah,83
Keep On Dancing,Sylvester,Do Ya Wanna Funk,83
Keep On Dancing,The Honeymoon,Love Wakes Up,83
Keep On Dancing,Bananarama,Na Na Hey Hey Kiss Him Goodbye,83
Keep On Dancing,Naked Eyes,Always Something There To Remind Me,83
Keep On Dancing,Greg Kihn Band,Jeopardy,83
Keep On Dancing,Haysi Fantayzee,Shiny Shiny,83
Keep On Dancing,Flash And The Pan,Waiting For A Train,83
Keep On Dancing,Toto Coelo,Dracula's Tango (Sucker For Your Love),83
Keep On Dancing,George Clinton,Atomic Dog,83
Keep On Dancing,The Radiators,No Tragedy,83
Keep On Dancing,Julius Brown,Party,83
Keep On Dancing,Thomas Dolby,She Blinded Me With Science (Extended Dance Mix),83
The Breakers 83,After The Fire,Der Komissar,83
The Breakers 83,Bonnie Tyler,Total Eclipse Of The Heart,83
The Breakers 83,Elton John,I’m Still Standing,83
The Breakers 83,Icehouse,Street Cafe,83
The Breakers 83,INXS,Black And White,83
The Breakers 83,Laura Branigan,Solitaire,83
The Breakers 83,Malcolm McLaren,Buffalo Gals,83
The Breakers 83,Men At Work,Overkill,83
The Breakers 83,Michael Jackson,Beat It,83
The Breakers 83,New Edition,Candy Girl,83
The Breakers 83,Prince,Little Red Corvette,83
The Breakers 83,Stevie Nicks,Stand Back,83
The Breakers 83,Tears For Fears,Mad World,83
The Breakers 83,The Call,The Walls Came Down,83
The Breakers 83,The Cure,Let’s Go To Bed,83
The Breakers 83,The Style Council,Speak Like A Child,83
The Breakers 83,The Weather Girls,It’s Raining Men,83
The Breakers 83,Wham,Wham Rap,83
Thru The Roof 83,Austen Tayshus,Australiana,83
Thru The Roof 83,Billy Joel,Tell Her About It,83
Thru The Roof 83,Cold Chisel,No Sense,83
Thru The Roof 83,Culture Club,Karma Chameleon,83
Thru The Roof 83,Donna Summer,She Works Hard For The Money,83
Thru The Roof 83,Dragon,Rain,83
Thru The Roof 83,Elton John,I Guess That's Why They Call It The Blues,83
Thru The Roof 83,Jon English,Some People (Have All The Fun),83
Thru The Roof 83,K.C. & The Sunshine Band,Give It Up,83
Thru The Roof 83,Malcolm McLaren,Double Dutch,83
Thru The Roof 83,Michael Jackson,Wanna Be Startin' Somethin',83
Thru The Roof 83,Michael Sembello,Maniac,83
Thru The Roof 83,Mike Oldfield,Moonlight Shadow,83
Thru The Roof 83,Pat Wilson,Bop Girl,83
Thru The Roof 83,Paul Young,Wherever I Lay My Hat,83
Thru The Roof 83,Sharon O'Neill,Maxine,83
Thru The Roof 83,The Blues Brothers,Shake A Tail Feather,83
Thru The Roof 83,UB40,Red Red Wine,83
1984 Shakin,Billy Idol,Dancing With Myself,84
1984 Shakin,Cliff Richard,Baby You're Dynamite,84
1984 Shakin,Daryl Hall & John Oates,Say It Isn't So,84
1984 Shakin,Dear Enemy,Computer One,84
1984 Shakin,Duran Duran,Union Of The Snake,84
1984 Shakin,Eurythmics,Right By Your Side,84
1984 Shakin,Hoodoo Gurus,My Girl,84
1984 Shakin,Huey Lewis & The News,Heart And Soul,84
1984 Shakin,Kids In The Kitchen,Change In Mood,84
1984 Shakin,Olivia Newton-John,Twist Of Fate,84
1984 Shakin,Pat Benatar,Love Is A Battlefield,84
1984 Shakin,Pseudo Echo,Listening,84
1984 Shakin,Q E D,Everywhere I Go,84
1984 Shakin,Real Life,Catch Me I'm Falling,84
1984 Shakin,The Little Heroes,Bon Voyage,84
1984 Shakin,Tim Finn,Staring At The Embers,84
1984 Shakin,Tina Turner,Let's Stay Together,84
1984 Shakin,Venetians,Chinese I's (Here Comes The Minute Man),84
1984 The Beat,Billy Idol,Rebel Yell,84
1984 The Beat,Break Machine,Street Dance,84
1984 The Beat,Dear Enemy,The Good Life,84
1984 The Beat,Debbie Harry,Rush Rush,84
1984 The Beat,Duran Duran,New Moon On Monday,84
1984 The Beat,Eurythmics,Here Comes The Rain Again,84
1984 The Beat,Frankie Goes To Hollywood,Relax,84
1984 The Beat,Hall & Oates,Adult Education,84
1984 The Beat,Hoodoo Gurus,I Want You Back,84
1984 The Beat,Jane Clifton,Girl On The Wall,84
1984 The Beat,Kenny Rogers & Dolly Parton,Islands In The Stream,84
1984 The Beat,Mel Brooks,To Be Or Not To Be (The Hitler Rap),84
1984 The Beat,Queen,Radio Ga Ga,84
1984 The Beat,Re-Flex,Politics Of Dancing,84
1984 The Beat,Rolling Stones,She Was Hot,84
1984 The Beat,Split Enz,Message To My Girl,84
1984 The Beat,Thomas Dolby,Hyperactive,84
1984 The Beat,Thompson Twins,Hold Me Now,84
1984 The Music,Bananarama,Robert De Niro's Waiting,84
1984 The Music,Billy Idol,Eyes Without A Face,84
1984 The Music,Depeche Mode,People Are People,84
1984 The Music,Duran Duran,The Reflex,84
1984 The Music,Frankie Goes To Hollywood,Two Tribes,84
1984 The Music,Huey Lewis & The News,I Want A New Drug,84
1984 The Music,Joe Jackson,Happy Ending,84
1984 The Music,Kids In The Kitchen,Bitter Desire,84
1984 The Music,Pointer Sisters,Automatic,84
1984 The Music,Pseudo Echo,A Beat For You,84
1984 The Music,Queen,I Want To Break Free,84
1984 The Music,Slade,Run Runaway,84
1984 The Music,Snowy White,Bird Of Paradise,84
1984 The Music,The Radiators,Revolution,84
1984 The Music,The Takeaways,Sweet And Sour,84
1984 The Music,The Twins,Not The Loving Kind,84
1984 The Music,Thompson Twins,Doctor! Doctor!,84
1984 The Music,Vicki Sue Robinson,To Sir With Love,84
Hits Huge 84,Berlin,No More Words,84
Hits Huge 84,Culture Club,Miss Me Blind,84
Hits Huge 84,Cyndi Lauper,Time After Time,84
Hits Huge 84,Dragon,Cry,84
Hits Huge 84,Electric Pandas,Big Girls,84
Hits Huge 84,Elton John,Sad Songs,84
Hits Huge 84,Eurogliders,Heaven (Must Be There),84
Hits Huge 84,Howard Jones,What Is Love,84
Hits Huge 84,Icehouse,Taking The Town,84
Hits Huge 84,INXS,I Send A Message,84
Hits Huge 84,Irene Cara,Breakdance,84
Hits Huge 84,Madonna,Holiday,84
Hits Huge 84,Nik Kershaw,Wouldn't It Be Good,84
Hits Huge 84,Ollie & Jerry,Breakin'...There's No Stopping Us,84
Hits Huge 84,Redgum,I've Been To Bali Too,84
Hits Huge 84,Steve Perry,Oh Sherrie,84
Hits Huge 84,Wang Chung,Dance Hall Days,84
Hits Huge 84,Wham!,Wake Me Up Before You Go-Go,84
The Long Hit Summer,Sade,Smooth Operator,84
The Long Hit Summer,Wham!,Freedom,84
The Long Hit Summer,Paul Young,I'm Gonna Tear Your Playhouse Down,84
The Long Hit Summer,Alison Moyet,All Cried Out,84
The Long Hit Summer,Bruce Springsteen,Cover Me,84
The Long Hit Summer,Freddie Mercury,Love Kills,84
The Long Hit Summer,Herbie Hancock,Hardrock,84
The Long Hit Summer,Eurogliders,Someone,84
The Long Hit Summer,Toto,Stranger In Town,84
The Long Hit Summer,Scandal,The Warrior,84
The Long Hit Summer,The Stranglers,Skin Deep,84
The Long Hit Summer,Romeo Void,A Girl In Trouble (Is A Temporary Thing),84
The Long Hit Summer,Billy Joel,Keeping The Faith,84
The Long Hit Summer,Cyndi Lauper,All Through The Night,84
The Long Hit Summer,Barbra Streisand,Left In The Dark,84
The Long Hit Summer,The Jacksons,Body,84
Throbbin' 84,Bette Midler,Beast Of Burden,84
Throbbin' 84,Big Country,In A Big Country,84
Throbbin' 84,Cyndi Lauper,Girls Just Want To Have Fun,84
Throbbin' 84,Elton John,Kiss The Bride,84
Throbbin' 84,INXS,Original Sin,84
Throbbin' 84,Lionel Richie,All Night Long (All Night),84
Throbbin' 84,Marilyn,Calling Your Name,84
Throbbin' 84,Matthew Wilder,Break My Stride,84
Throbbin' 84,Mi-Sex,Blue Day,84
Throbbin' 84,Michael Jackson,Thriller,84
Throbbin' 84,Mondo Rock,Come Said The Boy,84
Throbbin' 84,Paul Young,Love Of The Common People,84
Throbbin' 84,Quiet Riot,Cum On Feel The Noize,84
Throbbin' 84,Sandii & The Sunsetz,Sticky Music,84
Throbbin' 84,The Cure,The Love Cats,84
Throbbin' 84,The Romantics,Talking In Your Sleep,84
Throbbin' 84,The S.O.S. Band,Just Be Good To Me,84
Throbbin' 84,Van Halen,Jump,84
1985 Comes Alive,Bananarama,Cruel Summer,85
1985 Comes Alive,Billy Ocean,Caribbean Queen (No More Love On The Run),85
1985 Comes Alive,Corey Hart,It Ain't Enough,85
1985 Comes Alive,Duran Duran,Wild Boys,85
1985 Comes Alive,Eurythmics,Sexcrime (Nineteen Eighty Four),85
1985 Comes Alive,Frankie Goes To Hollywood,The Power Of Love,85
1985 Comes Alive,George Smilovici,I'm Tuff,85
1985 Comes Alive,Huey Lewis & The News,If This Is It,85
1985 Comes Alive,Limahl,The Never Ending Story,85
1985 Comes Alive,Masquerade,Guardian Angel,85
1985 Comes Alive,Murray Head,One Night In Bangkok,85
1985 Comes Alive,Pat Benatar,We Belong,85
1985 Comes Alive,Sheena Easton,Strut,85
1985 Comes Alive,Solid Citizens,Singing In The Shower,85
1985 Comes Alive,The Models,Big On Love,85
1985 Comes Alive,The Radiators,Life's A Gamble,85
1985 Comes Alive,Tina Turner,Private Dancer,85
1985 Comes Alive,U2,The Unforgettable Fire,85
1985 Hottest On Record,Aretha Franklin,Freeway Of Love,85
1985 Hottest On Record,Bryan Adams,Heaven,85
1985 Hottest On Record,Corey Hart,Never Surrender,85
1985 Hottest On Record,DeBarge,Who's Holding Donna Now,85
1985 Hottest On Record,Do Re Mi,Idiot Grin,85
1985 Hottest On Record,Eurythmics,There Must Be An Angel (Playing With My Heart),85
1985 Hottest On Record,Go West,Call Me,85
1985 Hottest On Record,Hoodoo Gurus,Bittersweet,85
1985 Hottest On Record,Huey Lewis & The News,Power Of Love,85
1985 Hottest On Record,Kim Carnes,Crazy In The Night (Barking At Airplanes),85
1985 Hottest On Record,Models,Out Of Mind Out Of Sight,85
1985 Hottest On Record,Philip Oakey & Giorgio Moroder,Goodbye Bad Times,85
1985 Hottest On Record,Phyllis Nelson,Move Closer (New Mix Edit),85
1985 Hottest On Record,Pointer Sisters,Dare Me,85
1985 Hottest On Record,The Motels,Shame,85
1985 Hottest On Record,Tim Finn,Home For My Heart,85
1985 Hottest On Record,Tina Turner,We Don't Need Another Hero (Thunderdome),85
1985 Hottest On Record,Uncanny X-Men,Still Waiting,85
1985 Lets Go,Billy Ocean,Loverboy,85
1985 Lets Go,Bryan Adams,Run To You,85
1985 Lets Go,Cats Under Pressure,Let Me Be,85
1985 Lets Go,Daryl Hall & John Oates,Method Of Modern Love,85
1985 Lets Go,David Bowie and Pat Metheny Group,This Is Not America,85
1985 Lets Go,Dynamic Hepnotics,Gotta Be Wrong (Way To Love),85
1985 Lets Go,Elaine Paige and Barbara Dickson,I Know Him So Well,85
1985 Lets Go,Fun Fun Fun,Colour My Love,85
1985 Lets Go,Jacko,I'm An Individual,85
1985 Lets Go,Jim Diamond,I Should Have Known Better,85
1985 Lets Go,Jimmy Barnes,Daylight,85
1985 Lets Go,Lin Buckfield & James Reyne,R.O.C.K. - ROCK,85
1985 Lets Go,Maria Vidal,Body Rock,85
1985 Lets Go,Models,Barbados,85
1985 Lets Go,Pointer Sisters,Neutron Dance,85
1985 Lets Go,Thompson Twins,Lay Your Hands On Me,85
1985 Lets Go,Uncanny X-Men,The Party,85
1985 Lets Go,Vitabeats,Boom Box,85
1985 On Fire,Ashford And Simpson,Solid,85
1985 On Fire,Australian Crawl,Two Can Play,85
1985 On Fire,Beargarden,I Write The News,85
1985 On Fire,Billy Ocean,Suddenly,85
1985 On Fire,China Crisis,Black Man Ray,85
1985 On Fire,De Barge,Rhythm Of The Night,85
1985 On Fire,Do Re Mi,Man Overboard,85
1985 On Fire,Eurythmics,Would I Lie To You,85
1985 On Fire,Go West,We Close Our Eyes,85
1985 On Fire,Katrina And The Waves,Walking On Sunshine,85
1985 On Fire,Kids In The Kitchen,Something That You Said,85
1985 On Fire,Machinations,My Heart's On Fire,85
1985 On Fire,Mary Jane Girls,In My House,85
1985 On Fire,Paul Hardcastle,19,85
1985 On Fire,Pointer Sisters,Baby Come And Get It,85
1985 On Fire,Simple Minds,Don't You (Forget About Me),85
1985 On Fire,The Commodores,Nightshift,85
1985 On Fire,Uncanny X-Men,50 Years,85
Choose 1985,Billy Idol,Flesh For Fantasy,85
Choose 1985,Black Lace,Agadoo,85
Choose 1985,Corey Hart,Sunglasses At Night,85
Choose 1985,Divine,You Think You're A Man,85
Choose 1985,Dynamic Hepnotics,Soul Kind Of Feeling,85
Choose 1985,Hall & Oates,Out Of Touch,85
Choose 1985,Hazell Dean,Searchin' (I Gotta Find A Man),85
Choose 1985,Jermaine Jackson,Dynamite,85
Choose 1985,Jimmy Barnes,No Second Prize,85
Choose 1985,John Waite,Missing You,85
Choose 1985,Machinations,No Say In It,85
Choose 1985,Non Stop Dancers,Shake This City,85
Choose 1985,Pointer Sisters,Jump,85
Choose 1985,Ray Parker Jr.,Ghostbusters,85
Choose 1985,Split Enz,I Walk Away,85
Choose 1985,Tina Turner,What's Love Got To Do With It,85
Choose 1985,U2,Pride,85
Choose 1985,Uncanny X-Men,Everybody Wants To Work,85
Heaps of Hits 85,Alison Moyet,Invisible,85
Heaps of Hits 85,Band Aid,Do They Know It's Christmas?,85
Heaps of Hits 85,Bronski Beat,It Ain't Necessarily So,85
Heaps of Hits 85,Chaka Khan,I Feel For You,85
Heaps of Hits 85,Chicago,Hard Habit To Break,85
Heaps of Hits 85,Cyndi Lauper,Money Changes Everything (Live),85
Heaps of Hits 85,Dead Or Alive,You Spin Me Round (Like A Record),85
Heaps of Hits 85,Don Henley,The Boys Of Summer,85
Heaps of Hits 85,Dragon,Speak No Evil,85
Heaps of Hits 85,Foreigner,I Want To Know What Love Is,85
Heaps of Hits 85,Gang Gajang,Gimme Some Loving,85
Heaps of Hits 85,Honeydrippers,Sea Of Love,85
Heaps of Hits 85,Howard Jones,Like To Get To Know You Well,85
Heaps of Hits 85,I'm Talking,Trust Me,85
Heaps of Hits 85,Icehouse,Dusty Pages,85
Heaps of Hits 85,INXS,Dancing On The Jetty,85
Heaps of Hits 85,Laura Branigan,Ti Amo,85
Heaps of Hits 85,Lloyd Cole And The Commotions,Perfect Skin (Remix),85
Heaps of Hits 85,Mental As Anything,Apocalypso (Wiping The Smile Off Santa's Face),85
Heaps of Hits 85,Miami Sound Machine,Dr. Beat,85
Heaps of Hits 85,Mick Jagger,Just Another Night,85
Heaps of Hits 85,Nik Kershaw,The Riddle,85
Heaps of Hits 85,Paul Young,Everything Must Change,85
Heaps of Hits 85,Sade,Hang On To Your Love,85
Heaps of Hits 85,Status Quo,The Wanderer,85
Heaps of Hits 85,Tears For Fears,Shout,85
Heaps of Hits 85,The Cars,Hello Again,85
Heaps of Hits 85,The Kane Gang,Respect Yourself,85
Heaps of Hits 85,The Stranglers,Skin Deep,85
Heaps of Hits 85,The Style Council,Shout To The Top,85
Heaps of Hits 85,Time Bandits,I Am Only Shooting Love,85
Heaps of Hits 85,Wham!,Everything She Wants (Remix),85
Hits Hot! 84-85,Alison Moyet,Love Resurrection,85
Hits Hot! 84-85,Berlin,Dancing In Berlin,85
Hits Hot! 84-85,Cold Chisel,Flame Trees,85
Hits Hot! 84-85,Culture Club,The War Song,85
Hits Hot! 84-85,Cyndi Lauper,She Bop,85
Hits Hot! 84-85,Elton John,Passengers,85
Hits Hot! 84-85,George Michael,Careless Whisper,85
Hits Hot! 84-85,INXS,Burn For You,85
Hits Hot! 84-85,Laura Branigan,The Lucky One,85
Hits Hot! 84-85,Madonna,Lucky Star,85
Hits Hot! 84-85,Malcolm McLaren,Madam Butterfly (Un Bel Di Vedremo),85
Hits Hot! 84-85,Nik Kershaw,I Won't Let The Sun Go Down On Me,85
Hits Hot! 84-85,Scandal Featuring Patty Smyth,The Warrior,85
Hits Hot! 84-85,The Angels,Between The Eyes,85
Hits Hot! 84-85,The Style Council,You're The Best Thing,85
Hits Hot! 84-85,Twisted Sister,We're Not Gonna Take It,85
Jump n Jive,Allniters,Love & Affection,85
Jump n Jive,Band Aid,Do They Know It's Christmas,85
Jump n Jive,Bronski Beat,It Ain't Necessarily So,85
Jump n Jive,Chaka Khan,Feel For You,85
Jump n Jive,Cyndi Lauper,Money Changes Everything,85
Jump n Jive,Dan Hartman,I Can Dream About You,85
Jump n Jive,Dead Or Alive,You Spin Me Round,85
Jump n Jive,Dire Straits,So Far Away,85
Jump n Jive,Do-Ré-Mi,Man Overboard,85
Jump n Jive,Dragon,Speak No Evil,85
Jump n Jive,Eric Carmen,I Wanna Hear It From Your Lips,85
Jump n Jive,Eurogliders,We Will Together,85
Jump n Jive,Foreigner,I Want To Know What Love Is,85
Jump n Jive,INXS,Burn For You,85
Jump n Jive,Koo Dé Tah,Too Young For Promises,85
Jump n Jive,Nik Kershaw,The Riddle,85
Jump n Jive,Paul Young,Everytime You Go Away,85
Jump n Jive,Philip Bailey,Walking On The Chinese Wall,85
Jump n Jive,Pointer Sisters,Baby Come And Get It,85
Jump n Jive,Pookah Makes Three,Take It Back,85
Jump n Jive,REO Speedwagon,Can't Fight This Feeling,85
Jump n Jive,Simple Minds,Don't You Forget About Me,85
Jump n Jive,Stephen Duffy,Kiss Me,85
Jump n Jive,Tears For Fears,Shout,85
Jump n Jive,Teena Marie,Lovegirl,85
Jump n Jive,The Kane Gang,Respect Yourself,85
Jump n Jive,The Style Council,Shout To The Top,85
Jump n Jive,Twisted Sister,We're Not Gonna Take It,85
Jump n Jive,UB40,Red Red Wine,85
Jump n Jive,Wham!,Everything She Wants,85
The Bop Won't Stop,Bananarama,Robert De Niro's Waiting,85
The Bop Won't Stop,Bette Midler,Beast Of Burden,85
The Bop Won't Stop,Bryan Ferry,Tokyo Joe,85
The Bop Won't Stop,Cold Chisel,You Got Nothin' I Want,85
The Bop Won't Stop,Dennis Waterman,I Could Be So Good For You,85
The Bop Won't Stop,Dr. Hook,Walk Right In,85
The Bop Won't Stop,Elton John,I'm Still Standing,85
The Bop Won't Stop,Eurythmics,Sweet Dreams,85
The Bop Won't Stop,Gordon Franklin,Let The Franklin Flow,85
The Bop Won't Stop,Haysi Fantayzee,Shiny Shiny,85
The Bop Won't Stop,In Parallel,Reduced To Tears,85
The Bop Won't Stop,Joey Scarborough,Believe It Or Not,85
The Bop Won't Stop,Jump 'N The Saddle,The Curly Shuffle,85
The Bop Won't Stop,Kenny Loggins,Footloose,85
The Bop Won't Stop,Kim Wilde,Kids In America,85
The Bop Won't Stop,Moving Pictures,What About Me,85
The Bop Won't Stop,Naked Eyes,Always Something There To Remind Me,85
The Bop Won't Stop,Quiet Riot,Cum On Feel The Noize,85
The Bop Won't Stop,Real Life,Send Me An Angel,85
The Bop Won't Stop,Rick Springfield,Love Somebody,85
The Bop Won't Stop,Shakin' Stevens,Green Door,85
The Bop Won't Stop,Steve Miller Band,Abracadabra,85
The Bop Won't Stop,Survivor,Eye Of The Tiger,85
The Bop Won't Stop,Taco,Puttin' On The Ritz,85
The Bop Won't Stop,Taste Of Honey,Boogie Oogie Oogie,85
The Bop Won't Stop,Tavares,Heaven Must Be Missing An Angel,85
The Bop Won't Stop,The Blues Brothers,Shake Your Tailfeather,85
The Bop Won't Stop,The Jam,Town Called Malice,85
The Bop Won't Stop,The Quick,Rhythm Of The Jungle,85
The Bop Won't Stop,Toto,Rosanna,85
1986 All The Hits,A-ha,The Sun Always Shines On T.V.,86
1986 All The Hits,Bronski Beat,Hit That Perfect Beat,86
1986 All The Hits,Clarence Clemmons & Jackson Browne,You're A Friend Of Mine,86
1986 All The Hits,Dionne Warwick,That's What Friends Are For,86
1986 All The Hits,Dire Straits,Walk Of Life,86
1986 All The Hits,Elton John,Wrap Her Up,86
1986 All The Hits,Eurogliders,Can't Wait To See You,86
1986 All The Hits,Eurythmics,It's Alright (Baby's Coming Back),86
1986 All The Hits,Fine Young Cannibals,Blue,86
1986 All The Hits,Jennifer Rush,Power Of Love,86
1986 All The Hits,Mr. Mister,Broken Wings,86
1986 All The Hits,Pete Townshend,Face The Face,86
1986 All The Hits,Starship,We Built This City,86
1986 All The Hits,The Cars,Tonight She Comes,86
1986 All The Hits,The Cure,Close To Me,86
1986 All The Hits,Thompson Twins,King For A Day,86
1986 Just For Kicks,AC/DC,Who Made Who,86
1986 Just For Kicks,Billy Ocean,There'll Be Sad Songs,86
1986 Just For Kicks,Boys Don't Cry,I Wanna Be A Cowboy,86
1986 Just For Kicks,Crowded House,Mean To Me,86
1986 Just For Kicks,Culture Club,God Thank You Woman,86
1986 Just For Kicks,I'm Talking,Do You Wanna Be,86
1986 Just For Kicks,Janet Jackson,What Have You Done For Me Lately,86
1986 Just For Kicks,New Order,Shell Shock,86
1986 Just For Kicks,Orchestral Manoeuvres In The Dark,If You Leave,86
1986 Just For Kicks,Paul Kelly,Before Too Long,86
1986 Just For Kicks,Peter Gabriel,Sledgehammer,86
1986 Just For Kicks,Queen,Princes Of The Universe,86
1986 Just For Kicks,Robert Palmer,Hyperactive,86
1986 Just For Kicks,Samantha Fox,Touch Me,86
1986 Just For Kicks,Sly Fox,Let's Go All The Way,86
1986 Just For Kicks,Suzanne Vega,Left Of Centre,86
1986 Just For Kicks,The Bangles,Manic Monday,86
1986 Just For Kicks,Venetians,If Somebody Loves You,86
1986 Out Now,Arcadia,Election Day,86
1986 Out Now,Bryan Adams,Summer Of '69,86
1986 Out Now,Divinyls,Pleasure And Pain,86
1986 Out Now,Eurythmics & Aretha Franklin,Sisters Are Doin' It For Themselves,86
1986 Out Now,Heart,What About Love,86
1986 Out Now,Hoodoo Gurus,Like Wow - Wipeout,86
1986 Out Now,Jimmy Barnes,I'd Die To Be With You Tonight,86
1986 Out Now,Kate Bush,Running Up That Hill,86
1986 Out Now,Kids In The Kitchen,Current Stand,86
1986 Out Now,Midge Ure,If I Was,86
1986 Out Now,Models,Cold Fever,86
1986 Out Now,Pseudo Echo,Don't Go,86
1986 Out Now,Queen,One Vision,86
1986 Out Now,Real Life,Face To Face,86
1986 Out Now,Simple Minds,Alive And Kicking,86
1986 Out Now,Thompson Twins,Don't Mess With Doctor Dream,86
1986 Out Now,Tina Turner,One Of The Living,86
1986 Out Now,UB40 With Chrissie Hynde,I Got You Babe,86
1986 Way To Go,Baltimora,Tarzan Boy,86
1986 Way To Go,Billy Ocean,When The Going Gets Tough The Tough Get Going,86
1986 Way To Go,David Bowie,Absolute Beginners,86
1986 Way To Go,Diana Ross,Chain Reaction,86
1986 Way To Go,Go West,Don't Look Down,86
1986 Way To Go,Hoodoo Gurus,Death Defying,86
1986 Way To Go,Hunters And Collectors,Say Goodbye,86
1986 Way To Go,Icehouse,Baby You're So Strange,86
1986 Way To Go,Jimmy Barnes,Ride The Night Away,86
1986 Way To Go,John Taylor,I Do What I Do,86
1986 Way To Go,Jump Incorporated,Sex And Fame,86
1986 Way To Go,Pet Shop Boys,West End Girls,86
1986 Way To Go,Princess,Say I'm Your No. 1,86
1986 Way To Go,Pseudo Echo,Love An Adventure,86
1986 Way To Go,Robert Palmer,Addicted To Love,86
1986 Way To Go,Simple Minds,Sanctify Yourself,86
1986 Way To Go,Stevie Nicks,Talk To Me,86
1986 Way To Go,Venetians,So Much For Love,86
Heartbeat 86,Jennifer Rush,Power Of Love,86
Heartbeat 86,Sade,Sweetest Taboo,86
Heartbeat 86,Whitney Houston,Saving All My Love,86
Heartbeat 86,Alison Moyet,All Cried Out,86
Heartbeat 86,Phyllis Nelson,Move Closer,86
Heartbeat 86,Aretha Franklin,Another Night,86
Heartbeat 86,Paul Young,Every Time You Go Away,86
Heartbeat 86,Tears For Fears,Head Over Heels,86
Heartbeat 86,Elton John,Nikita,86
Heartbeat 86,Lionel Richie,Hello,86
Heartbeat 86,Cyndi Lauper,Time After Time,86
Heartbeat 86,Dionne Warwick,Friends,86
Heartbeat 86,Bryan Ferry,Slave To Love,86
Heartbeat 86,Starship ,Sara,86
Heartbeat 86,Kool & The Gang,Cherish,86
Heartbeat 86,D.C. Lee,See The Day,86
Hits Awesome 86,Big Country,Look Away,86
Hits Awesome 86,Boom Crash Opera,Great Wall,86
Hits Awesome 86,Bronski Beat,C'mon C'mon,86
Hits Awesome 86,Charlie Sexton,Impressed,86
Hits Awesome 86,Cliff Richard,Living Doll,86
Hits Awesome 86,Doctor & The Medics,Spirit In The Sky,86
Hits Awesome 86,Eurythmics,When Tomorrow Comes,86
Hits Awesome 86,George Michael,A Different Corner,86
Hits Awesome 86,Howard Jones,No One Is To Blame,86
Hits Awesome 86,Matt Moffitt,Miss This Tonight,86
Hits Awesome 86,Nu Shooz,I Can't Wait,86
Hits Awesome 86,Simply Red,Holding Back The Years,86
Hits Awesome 86,The Blow Monkeys,Digging Your Scene,86
Hits Awesome 86,The Moody Blues,Your Wildest Dreams,86
Hits Awesome 86,Wa Wa Nee,Stimulation,86
Hits Awesome 86,Whitney Houston,Greatest Love Of All,86
Just Hits 85-86,Dire Straits,Money For Nothing,86
Just Hits 85-86,Eurogliders,The City Of Soul (The Absolutely Mix),86
Just Hits 85-86,Fine Young Cannibals,Johnny Come Home,86
Just Hits 85-86,Harold Faltermeyer,Axel F,86
Just Hits 85-86,Howard Jones,Life In One Day,86
Just Hits 85-86,Kool & The Gang,Cherish,86
Just Hits 85-86,Madonna,Dress You Up,86
Just Hits 85-86,Mental As Anything,Date With Destiny,86
Just Hits 85-86,Phil Collins,(Billy) Don't Lose My Number,86
Just Hits 85-86,Sister Sledge,Frankie,86
Just Hits 85-86,Tears For Fears,Head Over Heels (Remix),86
Just Hits 85-86,The Cure,In Between Days,86
Just Hits 85-86,The Dream Academy,Life In A Northern Town,86
Just Hits 85-86,The Hooters,All You Zombies,86
Just Hits 85-86,The Style Council,(When You) Call Me,86
Just Hits 85-86,Time Bandits,Endless Road,86
1987 Into The Groove,Bangles,Walk Like An Egyptian,87
1987 Into The Groove,Billy Idol,Don't Need A Gun,87
1987 Into The Groove,Crowded House,Don't Dream It's Over,87
1987 Into The Groove,Debbie Harry,French Kissin' In The USA,87
1987 Into The Groove,Glass Tiger,Someday,87
1987 Into The Groove,Huey Lewis & The News,Jacob's Ladder,87
1987 Into The Groove,Iggy Pop,Real Wild Child,87
1987 Into The Groove,Jason & The Scorchers,Golden Ball & Chain,87
1987 Into The Groove,Julian Cope,World Shut Your Mouth,87
1987 Into The Groove,Models,Hold On,87
1987 Into The Groove,Paul Kelly & The Coloured Girls,Leaps And Bounds,87
1987 Into The Groove,Pseudo Echo,Funky Town,87
1987 Into The Groove,Robbie Nevil,C'est La Vie,87
1987 Into The Groove,The Angels,We Gotta Get Out Of This Place,87
1987 Into The Groove,The Chantoozies,Witch Queen,87
1987 Into The Groove,The Cockroaches,She's The One,87
1987 Into The Groove,The Steve Miller Band,I Want To Make The World Turn Around,87
1987 Into The Groove,Tina Turner,What You Get Is What You See,87
1987 Let's Party,AC/DC,You Shook Me All Night Long,87
1987 Let's Party,Bananarama,Venus,87
1987 Let's Party,Chris De Burgh,Lady In Red,87
1987 Let's Party,Cutting Crew,(I Just Died) In Your Arms,87
1987 Let's Party,Glass Tiger,Don't Forget Me (When I'm Gone),87
1987 Let's Party,Huey Lewis & The News,Stuck With You,87
1987 Let's Party,Janet Jackson,When I Think Of You,87
1987 Let's Party,Joe Cocker,You Can Leave Your Hat On,87
1987 Let's Party,Models,Let's Kiss,87
1987 Let's Party,Orchestral Manoeuvres In The Dark,(Forever) Live And Die,87
1987 Let's Party,Paul Kelly & The Coloured Girls,Darling It Hurts,87
1987 Let's Party,Paul McCartney,Press,87
1987 Let's Party,Robert Palmer,I Didn't Mean To Turn You On,87
1987 Let's Party,Rose Tattoo,Calling,87
1987 Let's Party,Steve Winwood,Higher Love,87
1987 Let's Party,The Beach Boys,Rock 'n' Roll To The Rescue,87
1987 Let's Party,The Reels,Bad Moon Rising,87
1987 Let's Party,Tina Turner,Typical Male,87
87 Hots Up,ABC,When Smokey Sings,87
87 Hots Up,Bananarama,I Heard A Rumour,87
87 Hots Up,Gino Vannelli,Wild Horses,87
87 Hots Up,Hoodoo Gurus,Good Times,87
87 Hots Up,Jennifer Warnes,First We Take Manhattan,87
87 Hots Up,Jenny Morris,You I Know,87
87 Hots Up,Mel & Kim,Respectable,87
87 Hots Up,Mental As Anything,He's Just No Good For You,87
87 Hots Up,Noiseworks,Take Me Back,87
87 Hots Up,Samantha Fox,Nothing's Gonna Stop Me Now,87
87 Hots Up,Swing Out Sister,Breakout,87
87 Hots Up,The Cure,Why Can't I Be You?,87
87 Hots Up,The Firm,Star Trekkin',87
87 Hots Up,The Party Boys,He's Gonna Step On You Again,87
87 Hots Up,The Rockmelons,Rhymes,87
87 Hots Up,Whitney Houston,I Wanna Dance With Somebody (Who Loves Me),87
87 Right On Track,Billy Vera & The Beaters,At This Moment,87
87 Right On Track,Breakfast Club,Right On Track,87
87 Right On Track,Club Nouveau,Lean On Me,87
87 Right On Track,Dave Dobbyn,Slice Of Heaven,87
87 Right On Track,Europe,Rock The Night,87
87 Right On Track,Hoodoo Gurus,What's My Scene,87
87 Right On Track,Jody Watley,Looking For A New Love,87
87 Right On Track,Lou Gramm,Midnight Blue,87
87 Right On Track,M.C. Miker G And Deejay Sven,Holiday Rap,87
87 Right On Track,Man 2 Man Meet Man Parrish,Male Stripper (Radio Edit),87
87 Right On Track,Mel & Kim,Showing Out (Get Fresh At The Weekend),87
87 Right On Track,Michael Bow,Love And Devotion (Radio Edit),87
87 Right On Track,Paul Lekakis,Boom Boom (Let's Go Back To My Room),87
87 Right On Track,Starship,Nothing's Gonna Stop Us Now,87
87 Right On Track,The Pretenders,Hymn To Her,87
87 Right On Track,Wa Wa Nee,One And One (Ain't I Good Enough),87
87 Right On Track,Wang Chung,Let's Go!,87
Hit City 1987,Angry Anderson,Suddenly,87
Hit City 1987,Bob Seger And The Silver Bullet Band,Hollywood Nights,87
Hit City 1987,Carol Hitchcock,Get Ready,87
Hit City 1987,Cliff Richard,My Pretty One,87
Hit City 1987,Gary Moore,Friday On My Mind,87
Hit City 1987,Heart,Alone,87
Hit City 1987,Herb Alpert,Diamonds,87
Hit City 1987,Huey Lewis & The News,Doin' It (All For My Baby),87
Hit City 1987,Icehouse,Crazy,87
Hit City 1987,James Reyne,Fall Of Rome,87
Hit City 1987,Johnny Hates Jazz,Shattered Dreams,87
Hit City 1987,Kylie Minogue,Locomotion,87
Hit City 1987,Paul Carrack,When You Walk In The Room,87
Hit City 1987,Shona Laing,Drive Baby Drive,87
Hit City 1987,Suzanne Vega,Luka,87
Hit City 1987,T'Pau,Heart And Soul,87
Hit City 1987,The Cockroaches,Double Shot,87
Hit City 1987,U2,Where The Streets Have No Name,87
Now Thats What I Call Music 1,China Crisis,Arizona Sky,87
Now Thats What I Call Music 1,Cutting Crew,I've Been In Love Before,87
Now Thats What I Call Music 1,Do-Ré-Mi,Guns And Butter,87
Now Thats What I Call Music 1,Floy Joy,Weak In The Presence Of Beauty,87
Now Thats What I Call Music 1,Genesis,In Too Deep,87
Now Thats What I Call Music 1,It Bites,Calling All The Heroes,87
Now Thats What I Call Music 1,Jean Beauvoir,The Heat,87
Now Thats What I Call Music 1,Jermaine Stewart,We Don't Have To,87
Now Thats What I Call Music 1,Orchestral Manoeuvres In The Dark,We Love You,87
Now Thats What I Call Music 1,Orchestral Manoeuvres In The Dark,If You Leave,87
Now Thats What I Call Music 1,Pete Wylie,Sinful,87
Now Thats What I Call Music 1,Peter Gabriel,Sledgehammer,87
Now Thats What I Call Music 1,Sandii & The Sunsetz,East Meets West,87
Now Thats What I Call Music 1,Simple Minds,Sanctify Yourself,87
Now Thats What I Call Music 1,The Human League,I Need Your Loving,87
Now Thats What I Call Music 1,UB40,Sing Our Own Song,87
Smash Hits 87,Angry Anderson,Suddenly,87
Smash Hits 87,Bananarama,I Heard A Rumour,87
Smash Hits 87,Bangles,Walk Like An Egyptian,87
Smash Hits 87,Chantoozies,Witch Queen,87
Smash Hits 87,Dave Dobbyn With Herbs,Slice Of Heaven,87
Smash Hits 87,Europe,The Final Countdown,87
Smash Hits 87,Kylie Minogue,Locomotion,87
Smash Hits 87,Mel & Kim,Respectable,87
Smash Hits 87,Mental As Anything,He's Just No Good For You,87
Smash Hits 87,Michael Bow,Love & Devotion,87
Smash Hits 87,Noiseworks,Take Me Back,87
Smash Hits 87,Pseudo Echo,Funky Town,87
Smash Hits 87,Samantha Fox,Nothing's Gonna Stop Me Now,87
Smash Hits 87,The Angels,We Gotta Get Out This Place,87
Smash Hits 87,The Party Boys,He's Gonna Step On You Again,87
Smash Hits 87,Wa Wa Nee,Sugar Free,87
Summer 87,Belinda Carlisle,Mad About You,87
Summer 87,Berlin,Take My Breath Away,87
Summer 87,Billy Joel,A Matter Of Trust,87
Summer 87,Bon Jovi,You Give Love A Bad Name,87
Summer 87,Communards,Don't Leave Me This Way,87
Summer 87,Cyndi Lauper,True Colors,87
Summer 87,Dragon,Dreams Of Ordinary Men,87
Summer 87,Elton John,Heartache All Over The World,87
Summer 87,Eurythmics,Missionary Man,87
Summer 87,Hollywood Beyond,What's The Colour Of Money,87
Summer 87,Jenny Morris,You're Gonna Get Hurt,87
Summer 87,John Farnham,You're The Voice,87
Summer 87,Kenny Loggins,Danger Zone,87
Summer 87,Lionel Richie,Dancing On The Ceiling,87
Summer 87,Oingo Boingo,Stay,87
Summer 87,Run - D.M.C.,Walk This Way,87
Summer 87,Stacey Q,Two Of Hearts,87
Summer 87,Wa Wa Nee,I Could Make You Love Me,87
1988 Whats Hot,Big Pig,Big Hotel,88
1988 Whats Hot,Crowded House,Better Be Home Soon,88
1988 Whats Hot,Divinyls,Hey Little Boy,88
1988 Whats Hot,Hunters And Collectors,Back On The Breadline,88
1988 Whats Hot,James Reyne,Motor's Too Fast,88
1988 Whats Hot,Jimmy Barnes,Waitin' For The Heartache,88
1988 Whats Hot,Kings Of The Sun,Serpentine,88
1988 Whats Hot,Kylie Minogue,Got To Be Certain,88
1988 Whats Hot,Machinations,Intimacy,88
1988 Whats Hot,Maxi Priest,Wild World,88
1988 Whats Hot,Morris Minor & The Majors,This Is The Chorus,88
1988 Whats Hot,Pat Benatar,All Fired Up,88
1988 Whats Hot,Robert Palmer,Simply Irresistible,88
1988 Whats Hot,Schnell Fenster,Whisper,88
1988 Whats Hot,Steve Winwood,Roll With It,88
1988 Whats Hot,The Cockroaches,Hey What Now!,88
1988 Whats Hot,UB40 With Chrissie Hynde,Breakfast In Bed,88
1988 Whats Hot,Ziggy Marley,Tomorrow People,88
88 Kix On,Bananarama,I Want You Back,88
88 Kix On,Billy Ocean,Get Outta My Dreams Get Into My Car,88
88 Kix On,Bros,When Will I Be Famous?,88
88 Kix On,Cheap Trick,The Flame,88
88 Kix On,Debbie Gibson,Shake Your Love,88
88 Kix On,Eurogliders,Groove,88
88 Kix On,Little River Band,Love Is A Bridge,88
88 Kix On,Michael Bolton,(Sittin' On) The Dock Of The Bay,88
88 Kix On,Rick Astley,My Arms Keep Missing You,88
88 Kix On,Sabrina,Boys (Summertime Love),88
88 Kix On,Taylor Dayne,Tell It To My Heart,88
88 Kix On,Terence Trent D'Arby,Sign Your Name,88
88 Kix On,Tiffany,Could've Been,88
88 Kix On,Underworld,Underneath The Radar,88
88 Kix On,Wet Wet Wet,Sweet Little Mystery,88
88 Kix On,Whitney Houston,Where Do Broken Hearts Go?,88
88 The Winners,1927,That's When I Think Of You,88
88 The Winners,Bros,I Owe You Nothing,88
88 The Winners,Cheap Trick,Don't Be Cruel,88
88 The Winners,Elton John,I Don't Wanna Go On With You Like That,88
88 The Winners,Eric Carmen,Make Me Lose Control,88
88 The Winners,Fairground Attraction,Perfect,88
88 The Winners,Fischer-Z,The Perfect Day,88
88 The Winners,Hothouse Flowers,Don't Go,88
88 The Winners,INXS,New Sensation,88
88 The Winners,Jerry Harrison,Man With A Gun (Radio Edit),88
88 The Winners,John Farnham,Age Of Reason,88
88 The Winners,Poison,Nothin' But A Good Time,88
88 The Winners,S-Express,Theme From S-Express,88
88 The Winners,Salt 'n' Pepa,Push It,88
88 The Winners,The Timelords,Doctorin' The Tardis,88
88 The Winners,Tiffany,I Saw Him Standing There,88
Celebrate 88,Bryan Ferry,The Right Stuff,88
Celebrate 88,Choirboys,Run To Paradise,88
Celebrate 88,David Bowie,Never Let Me Down,88
Celebrate 88,Do Re Mi,Adultery,88
Celebrate 88,Hunters And Collectors,Do You See What I See,88
Celebrate 88,Icehouse,Electric Blue,88
Celebrate 88,James Reyne,Hammerhead,88
Celebrate 88,Jimmy Barnes,Too Much Ain't Enough Love,88
Celebrate 88,Kids In The Kitchen,Say It,88
Celebrate 88,Machinations,Do To You,88
Celebrate 88,Models,Oh Darling,88
Celebrate 88,Paul Carrack,Don't Shed A Tear,88
Celebrate 88,Paul Kelly,To Her Door,88
Celebrate 88,Squeeze,Hourglass,88
Celebrate 88,Sting,We'll Be Together,88
Celebrate 88,Supertramp,I'm Begging You,88
Celebrate 88,The Rockmelons,New Groove,88
Celebrate 88,Whitesnake,Is This Love?,88
Pump It Up 88,INXS,Devil Inside,88
Pump It Up 88,Dragon,Celebration,88
Pump It Up 88,Tiffany,I Think We're Alone Now,88
Pump It Up 88,Bananarama,Love In The First Degree,88
Pump It Up 88,Rick Astley,Never Gonna Give You Up,88
Pump It Up 88,Whitney Houston,So Emotional,88
Pump It Up 88,Terence Trent D'Arby,Dance Little Sister (Part One),88
Pump It Up 88,The Communards,Never Can Say Goodbye,88
Pump It Up 88,Eurythmics,Shame,88
Pump It Up 88,Bangles,Hazy Shade Of Winter (Remix),88
Pump It Up 88,Foreigner,Say You Will,88
Pump It Up 88,Joe Cocker,Unchain My Heart (LP Version),88
Pump It Up 88,David Lee Roth,Just Like Paradise,88
Pump It Up 88,Cher,I Found Someone,88
Pump It Up 88,Johnny Logan,Hold Me Now,88
Pump It Up 88,Fleetwood Mac,Everywhere,88
Pump It Up 88,Men Without Hats,Pop Goes The World,88
Pump It Up 88,Jerry Harrison: Casual Gods,Rev It Up,88
Summer 88,Bee Gees,You Win Again,88
Summer 88,Bon Jovi,Never Say Goodbye,88
Summer 88,Boom Crash Opera,Her Charity,88
Summer 88,Chris Rea,Let's Dance,88
Summer 88,Dead Or Alive,I'll Save You All My Kisses,88
Summer 88,Fleetwood Mac,Little Lies,88
Summer 88,Glenn Medeiros,Nothing's Gonna Change My Love For You,88
Summer 88,Huxton Creepers,Pretty Flamingo,88
Summer 88,INXS,Need You Tonight,88
Summer 88,Jenny Morris,Lighthearted,88
Summer 88,John Farnham,Reasons,88
Summer 88,Los Lobos,La Bamba,88
Summer 88,Mental As Anything,Don't Tell Me Now,88
Summer 88,Sharon O'Neill,Physical Favours,88
Summer 88,Terence Trent D'Arby,Wishing Well,88
Summer 88,The Party Boys,Hold Your Head Up,88
Summer 88,Wax,Bridge To Your Heart,88
Summer 88,Whitney Houston,Didn't We Almost Have It All,88
1989 Be Happy,Bobby Mc Ferrin,Don't Worry Be Happy,89
1989 Be Happy,Climie Fisher,Love Changes (Everything),89
1989 Be Happy,Crowded House,When You Come,89
1989 Be Happy,Duran Duran,I Don't Want Your Love,89
1989 Be Happy,James Reyne,Always The Way,89
1989 Be Happy,Jason Donovan,Nothing Can Divide Us,89
1989 Be Happy,Johnny Diesel & The Injectors,Don't Need Love,89
1989 Be Happy,Keith Richards,Take It So Hard,89
1989 Be Happy,Kylie Minogue,I Still Love You (Je Ne Sais Pas Porquoi),89
1989 Be Happy,Masters Apprentices,Because I Love You,89
1989 Be Happy,Melissa Etheridge,Bring Me Some Water,89
1989 Be Happy,Pat Benatar,Don't Walk Away,89
1989 Be Happy,Sam Brown,Stop,89
1989 Be Happy,The Chantoozies,Kiss 'N' Tell,89
1989 Be Happy,The Cockroaches,You & Me,89
1989 Be Happy,Toni Childs,Stop Your Fussin',89
1989 Be Happy,U2,Desire,89
1989 Be Happy,Womack & Womack,Teardrops,89
Everyones A Hit,Billy Joel,A Matter Of Trust,89
Everyones A Hit,Billy Ocean,Get Outa My Dreams Get Into My Car,89
Everyones A Hit,Cheap Trick,Don't Be Cruel,89
Everyones A Hit,Clarence Carter,Strokin',89
Everyones A Hit,Dukes Of Earlwood,Duke Of Earl,89
Everyones A Hit,Eurogliders,Groove,89
Everyones A Hit,Fairground Attraction,Perfect,89
Everyones A Hit,Fischer Z,The Perfect Day,89
Everyones A Hit,Martha Davis,Don't Tell Me The Time,89
Everyones A Hit,Maxi Priest,Wild World,89
Everyones A Hit,Natalie Cole,Pink Cadillac,89
Everyones A Hit,Poison,Nothin' But A Good Time,89
Everyones A Hit,Richard Marx,Endless Summer Nights,89
Everyones A Hit,Roy Orbison,You Got It,89
Everyones A Hit,S'Express,Theme From S'Express,89
Everyones A Hit,The Timelords,Doctorin' The Tardis,89
Everyones A Hit,UB40,Where Did I Go Wrong,89
Everyones A Hit,Yazz,The Only Way Is Up,89
Fired Up Hits,1927,That's When I Think Of You,89
Fired Up Hits,Bros,When Will I Be Famous?,89
Fired Up Hits,Cheap Trick,The Flame,89
Fired Up Hits,Elton John,I Don't Wanna Go On With You Like That,89
Fired Up Hits,Eurogliders,Groove,89
Fired Up Hits,Fat Boys,The Twist,89
Fired Up Hits,Michael Bolton,(Sittin' On) The Dock Of The Bay,89
Fired Up Hits,Pepsi & Shirlie,Alright Now,89
Fired Up Hits,Poison,Nothin' But A Good Time,89
Fired Up Hits,Sabrina,Sexy Girl,89
Fired Up Hits,Salt 'n' Pepa,Push It,89
Fired Up Hits,Terence Trent D'Arby,Sign Your Name,89
Fired Up Hits,The Escape Club,"Wild, Wild West",89
Fired Up Hits,Tiffany,I Saw Him Standing There,89
Fired Up Hits,Transvision Vamp,I Want Your Love,89
Fired Up Hits,Underworld,Underneath The Radar,89
Fired Up Hits,Was Not Was,Walk The Dinosaur,89
Fired Up Hits,Weird Al Yankovic,Fat,89
Hits Now 89 Volume 2,1927,Compulsory Hero,89
Hits Now 89 Volume 2,Bangles,Eternal Flame,89
Hits Now 89 Volume 2,Bobby Brown,My Prerogative,89
Hits Now 89 Volume 2,Bomb The Bass,Say A Little Prayer,89
Hits Now 89 Volume 2,Collette,Ring My Bell,89
Hits Now 89 Volume 2,Daryl Braithwaite,One Summer,89
Hits Now 89 Volume 2,Dragon,Young Years,89
Hits Now 89 Volume 2,Edie Brickell & New Bohemians,What I Am,89
Hits Now 89 Volume 2,Elvis Costello,Veronica,89
Hits Now 89 Volume 2,Fine Young Cannibals,She Drives Me Crazy,89
Hits Now 89 Volume 2,Gloria Estefan & Miami Sound Machine,Can't Stay Away From You,89
Hits Now 89 Volume 2,Love And Money,Hallelujah Man,89
Hits Now 89 Volume 2,Mike & The Mechanics,The Living Years,89
Hits Now 89 Volume 2,Petula Clark,Downtown '88,89
Hits Now 89 Volume 2,Sam Kinison,Wild Thing,89
Hits Now 89 Volume 2,Samantha Fox,I Only Wanna Be With You,89
Hits Now 89 Volume 2,Tanita Tikaram,Twist In My Sobriety,89
Hits Now 89 Volume 2,The Black Sorrows,Chained To The Wheel,89
Hits Of 89 Vol 1,Bryan Ferry,Let's Stick Together,89
Hits Of 89 Vol 1,Ian Moss,Tuckers Daughter,89
Hits Of 89 Vol 1,Jimmy Barnes,Last Frontier,89
Hits Of 89 Vol 1,Johnny Diesel & The Injectors,Soul Revival,89
Hits Of 89 Vol 1,Kylie Minogue & Jason Donovan,Especially For You,89
Hits Of 89 Vol 1,Melissa Etheridge,Like The Way I Do,89
Hits Of 89 Vol 1,Neneh Cherry,Buffalo Stance,89
Hits Of 89 Vol 1,Paul Kelly & The Coloured Girls,Dumb Things,89
Hits Of 89 Vol 1,Robert Palmer,She Makes My Day,89
Hits Of 89 Vol 1,Roy Orbison,You Got It,89
Hits Of 89 Vol 1,The Cockroaches,Permanently Single,89
Hits Of 89 Vol 1,The Proclaimers,I'm Gonna Be (500 Miles),89
Hits Of 89 Vol 1,The Saints,The Music Goes Round My Head,89
Hits Of 89 Vol 1,Toni Childs,Don't Walk Away,89
Hits Of 89 Vol 1,U2,Angel Of Harlem,89
Hits Of 89 Vol 1,UB40,Where Did I Go Wrong,89
Hits Of 89 Vol 1,Womack & Womack,Teardrops,89
Hits Of 89 Vol 2,Brother Beyond,The Harder I Try,89
Hits Of 89 Vol 2,Clive Young,Something Special,89
Hits Of 89 Vol 2,James Freud,Hurricane,89
Hits Of 89 Vol 2,James Reyne,House Of Cards,89
Hits Of 89 Vol 2,Johnny Diesel & The Injectors,Cry In Shame,89
Hits Of 89 Vol 2,Julian Lennon,Now You're In Heaven,89
Hits Of 89 Vol 2,Kate Ceberano,Bedroom Eyes,89
Hits Of 89 Vol 2,Paul Norton,Stuck On You,89
Hits Of 89 Vol 2,Paula Abdul,Straight Up,89
Hits Of 89 Vol 2,Richard Marx,Satisfied,89
Hits Of 89 Vol 2,Roxette,The Look,89
Hits Of 89 Vol 2,Roy Orbison,She's A Mystery To Me,89
Hits Of 89 Vol 2,Sam Brown,Stop!,89
Hits Of 89 Vol 2,The Proclaimers,I'm On My Way,89
Hits Of 89 Vol 2,Tim Finn,How'm I Gonna Sleep,89
Hits Of 89 Vol 2,Tone Lōc,Wild Thing,89
Hits Of 89 Vol 2,U2 With B.B. King,When Love Comes To Town,89
Hits Of 89 Vol 3,Ian Moss,Telephone Booth,89
Hits Of 89 Vol 3,Roxette,Dressed For Success,89
Hits Of 89 Vol 3,Sam Brown,Can I Get A Witness,89
Hits Of 89 Vol 3,Kate Ceberano,Love Dimension,89
Hits Of 89 Vol 3,James Reyne,One More River,89
Hits Of 89 Vol 3,Paul Kelly And The Messengers,Sweet Guy,89
Hits Of 89 Vol 3,Stevie Nicks,Rooms On Fire,89
Hits Of 89 Vol 3,U2,All I Want Is You,89
Hits Of 89 Vol 3,Johnny Diesel & The Injectors,Lookin' For Love,89
Hits Of 89 Vol 3,Easterhouse,Come Out Fighting,89
Hits Of 89 Vol 3,Nick Barker And The Reptiles,(Sure Beats) Going To Pieces,89
Hits Of 89 Vol 3,Thirty Eight Special,Second Chance,89
Hits Of 89 Vol 3,Queen,I Want It All,89
Hits Of 89 Vol 3,Natalie Cole,Miss You Like Crazy,89
Hits Of 89 Vol 3,Soul II Soul,Back To Life (However Do You Want Me),89
Hits Of 89 Vol 3,Tone Lōc,Funky Cold Medina,89
Smash Hits 89,Bangles,Eternal Flame,89
Smash Hits 89,Bros,Too Much,89
Smash Hits 89,Collette,Ring My Bell,89
Smash Hits 89,Daryl Braithwaite,One Summer,89
Smash Hits 89,Ian Moss,Tucker's Daughter,89
Smash Hits 89,Indecent Obsession,Say Goodbye,89
Smash Hits 89,James Freud,Hurricane,89
Smash Hits 89,Jason Donovan,Sealed With A Kiss,89
Smash Hits 89,Julian Lennon,Now You're In Heaven,89
Smash Hits 89,Kylie Minogue,Hand On Your Heart,89
Smash Hits 89,Mental As Anything,Rock And Roll Music,89
Smash Hits 89,Neneh Cherry,Buffalo Stance,89
Smash Hits 89,New Kids On The Block,I'll Be Loving You,89
Smash Hits 89,Paul Norton,Stuck On You,89
Smash Hits 89,Poison,Fallen Angel,89
Smash Hits 89,Sinitta,Right Back Where We Started From,89
Smash Hits 89,The Black Sorrows,Chained To The Wheel,89
Smash Hits Of The 80s,Adam And The Ants,Antmusic,89
Smash Hits Of The 80s,Bananarama,Venus,89
Smash Hits Of The 80s,Bangles,Walk Like An Egyptian,89
Smash Hits Of The 80s,Billy Ocean,When The Going Gets Tough The Tough Get Going,89
Smash Hits Of The 80s,Bros,When Will I Be Famous,89
Smash Hits Of The 80s,Chantoozies,Wanna Be Up,89
Smash Hits Of The 80s,Cheap Trick,The Flame,89
Smash Hits Of The 80s,Collette,Ring My Bell,89
Smash Hits Of The 80s,Daryl Braithwaite,As The Days Go By,89
Smash Hits Of The 80s,Eurogliders,We Will Together,89
Smash Hits Of The 80s,Europe,The Final Countdown,89
Smash Hits Of The 80s,Hooters,And We Danced,89
Smash Hits Of The 80s,Jason Donovan,Too Many Broken Hearts,89
Smash Hits Of The 80s,Jimmy Barnes,Working Class Man,89
Smash Hits Of The 80s,Kids In The Kitchen,Change In Mood,89
Smash Hits Of The 80s,Kylie Minogue,I Should Be So Lucky,89
Smash Hits Of The 80s,Kylie Mole,So Excellent,89
Smash Hits Of The 80s,Mel & Kim,Respectable,89
Smash Hits Of The 80s,Men At Work,Down Under,89
Smash Hits Of The 80s,Models,Out Of Mind Out Of Sight,89
Smash Hits Of The 80s,Nena,99 Luftballoons,89
Smash Hits Of The 80s,Paul Kelly & The Coloured Girls,Darling It Hurts,89
Smash Hits Of The 80s,Romantics,What I Like About You,89
Smash Hits Of The 80s,Samantha Fox,Touch Me (I Want Your Body),89
Smash Hits Of The 80s,Split Enz,I Got You,89
Smash Hits Of The 80s,Steve Perry,Oh Sherrie,89
Smash Hits Of The 80s,Terence Trent D'Arby,Sign Your Name,89
Smash Hits Of The 80s,The Black Sorrows,Hold On To Me,89
Smash Hits Of The 80s,The Clash,Rock The Casbah,89
Smash Hits Of The 80s,Uncanny X-Men,How Do You Get Your Kicks,89
Smash Hits Of The 80s,Wham!,I'm Your Man,89
Smash Hits Of The 80s,Yazz,The Only Way Is Up,89
Lets Do It 2,Black Box,Ride On Time,90
Lets Do It 2,The B-52's,Love Shack,90
Lets Do It 2,Kaoma,Lambada,90
Lets Do It 2,Lisa Stansfield,All Around The World,90
Lets Do It 2,Milli Vanilli,Girl I'm Gonna Miss You,90
Lets Do It 2,Bad English,When I See You Smile,90
Lets Do It 2,Aerosmith,Janie's Got A Gun,90
Lets Do It 2,Martika,I Feel The Earth Move,90
Lets Do It 2,Technotronic featuring Felly,Pump Up The Jam,90
Lets Do It 2,Alannah Myles,Black Velvet,90
Lets Do It 2,Phil Collins,Another Day In Paradise,90
Lets Do It 2,Linda Ronstadt featuring Aaron Neville,Don't Know Much,90
Lets Do It 2,Michael Bolton,How Am I Supposed To Live Without You,90
Lets Do It 2,Girl Overboard,The Love We Make,90
Lets Do It Summer 1990,Alice Cooper,Poison,90
Lets Do It Summer 1990,Bobby Brown,Every Little Step,90
Lets Do It Summer 1990,Boom Crash Opera,Get Out Of The House,90
Lets Do It Summer 1990,Cher,If I Could Turn Back Time,90
Lets Do It Summer 1990,Elton John,Healing Hands,90
Lets Do It Summer 1990,Fine Young Cannibals,Don't Look Back,90
Lets Do It Summer 1990,Indecent Obsession,Tell Me Something,90
Lets Do It Summer 1990,Jenny Morris,She Has To Be Loved,90
Lets Do It Summer 1990,John Farnham & Danni'elle,Communication,90
Lets Do It Summer 1990,Madonna,Cherish,90
Lets Do It Summer 1990,Martika,Toy Soldiers,90
Lets Do It Summer 1990,Max Q,Way Of The World,90
Lets Do It Summer 1990,Mental As Anything,The World Seems Difficult,90
Lets Do It Summer 1990,Motley Crue,Dr Feelgood,90
Lets Do It Summer 1990,New Kids On The Block,Hangin' Tough,90
Lets Do It Summer 1990,The Hummingbirds,Blush,90
Beat the Heat Summer 1991,1927,The Other Side,91
Beat the Heat Summer 1991,Bell Biv Devoe,Do Me!,91
Beat the Heat Summer 1991,Betty Boo,Doin' The Do,91
Beat the Heat Summer 1991,Dave Stewart & The Spiritual Cowboys,Jack Talking,91
Beat the Heat Summer 1991,Deee-Lite,Groove Is In The Heart,91
Beat the Heat Summer 1991,INXS,Suicide Blonde,91
Beat the Heat Summer 1991,John Farnham,Chain Reaction,91
Beat the Heat Summer 1991,Margaret Urlich,Number One (Remember When We Danced All Night),91
Beat the Heat Summer 1991,Mark Williams,Fix Of Love,91
Beat the Heat Summer 1991,New Kids On The Block,Tonight,91
Beat the Heat Summer 1991,Prince,Thieves In The Temple,91
Beat the Heat Summer 1991,Seiko,The Right Combination,91
Beat the Heat Summer 1991,Snap,Ooops Up,91
Beat the Heat Summer 1991,Sweet Sensation,If Wishes Came True,91
Beat the Heat Summer 1991,Taylor Dayne,I'll Be Your Shelter,91
Beat the Heat Summer 1991,Technotronic,Megamix (Radio Version),91
Beat the Heat Summer 1991,Warrant,Cherry Pie,91